{"rf_train": {"dataset size": 15264, "positive rate": 0.7576650943396226, "accuracy": 0.8986504192872118, "f1": 0.9362140766090793, "precision": 0.894782471626734, "recall": 0.9816688283614353, "auc": 0.9669825347451965}, "rf_test": {"dataset size": 6688, "positive rate": 0.7764653110047847, "accuracy": 0.9020633971291866, "f1": 0.9394471664971803, "precision": 0.9034495021337127, "recall": 0.9784325052955902, "auc": 0.9377489764649738}, "gb_train": {"dataset size": 15264, "positive rate": 0.7576650943396226, "accuracy": 0.9961346960167715, "f1": 0.9974556901979387, "precision": 0.9949242945629732, "recall": 1.0, "auc": 0.9999797096398029}, "gb_test": {"dataset size": 6688, "positive rate": 0.7764653110047847, "accuracy": 0.8914473684210527, "f1": 0.9321875583784792, "precision": 0.9051333212407038, "recall": 0.9609089158482572, "auc": 0.9324188014866938}, "final_model": "rf"}