{"debt consolidation": 0.7819976076555024, "other": 0.0950956937799043, "home improvements": 0.05771531100478469, "business loan": 0.01555023923444976, "buy a car": 0.014204545454545454, "medical bills": 0.01166267942583732, "buy house": 0.007177033492822967, "take a trip": 0.006429425837320574, "small_business": 0.0031399521531100478, "major_purchase": 0.0029904306220095694, "moving": 0.0013456937799043063, "educational expenses": 0.0011961722488038277, "vacation": 0.0007476076555023923, "wedding": 0.0004485645933014354, "renewable_energy": 0.0002990430622009569}