{"debt consolidation": 0.7847823703541278, "other": 0.09264335050981252, "home improvements": 0.05920403464532398, "business loan": 0.01469137156013595, "buy a car": 0.013156452143405328, "medical bills": 0.012388992435040018, "buy house": 0.0067975002740927526, "take a trip": 0.00471439535138691, "major_purchase": 0.003946935643021598, "small_business": 0.0030698388334612432, "moving": 0.001644556517925666, "vacation": 0.001096371011950444, "wedding": 0.0009867339107553995, "educational expenses": 0.0007674597083653108, "renewable_energy": 0.0001096371011950444}