{"debt consolidation": 0.7821340611063037, "other": 0.09339013512613992, "home improvements": 0.06057378686014777, "business loan": 0.015309858217399986, "buy a car": 0.013179790987153031, "medical bills": 0.011648805165413034, "buy house": 0.006456766291686082, "take a trip": 0.005192038873726952, "major_purchase": 0.0038607468548226055, "small_business": 0.0034613592491513014, "moving": 0.0016641150236304334, "wedding": 0.0011315982160686948, "vacation": 0.0010650336151234773, "educational expenses": 0.000798775211342608, "renewable_energy": 0.00013312920189043466}